{"Entity":[{"ID":18,"Stage":2,"life":7,"position":{"x":6179.97119140625,"y":3065.525146484375}},{"ID":27,"Stage":2,"life":7,"position":{"x":5533.546875,"y":3065.61181640625}}]}