{"Entity":[{"ID":18,"Stage":2,"life":7,"position":{"x":6107.171875,"y":3070.525146484375}},{"ID":27,"Stage":2,"life":7,"position":{"x":5533.546875,"y":3070.61181640625}},{"ID":24,"position":{"x":5921.1318359375,"y":3090.525146484375},"vel":{"x":-800.0,"y":0.0}}]}