{"Entity":[{"ID":10,"Score":70,"Stage":1,"life":4,"position":{"x":5170.595703125,"y":1463.473388671875}},{"ID":14,"Stage":1,"life":2,"position":{"x":5679.97509765625,"y":1471.0}}]}